{
    "electronica": [
        {
            "id": 1,
            "nombre": "Energy Sistem Frame Speaker",
            "precio": 133,
            "imagen": "https://thumb.pccomponentes.com/w-530-530/articles/1084/10844922/1671-energy-sistem-hyperbeat-altavoz-bluetooth-con-luces-led-80w-negro.jpg"
        },
        {
            "id": 2,
            "nombre": "Gigabyte GeForce RTX 2070",
            "precio": 1667,
            "imagen": "https://thumb.pccomponentes.com/w-530-530/articles/24/246129/1.jpg"
        }
    ],
    "muebles": [
        {
            "id": 3,
            "nombre": "Silla de oficina ergonómica",
            "precio": 89,
            "imagen": "https://thumb.pccomponentes.com/w-530-530/articles/1001/10017574/1534-jshome-trend-silla-oficina-ergonomica.jpg"
        }
    ],
    "decoracion": [
        {
            "id": 4,
            "nombre": "Lámpara de pie moderna",
            "precio": 45,
            "imagen": "https://thumb.pccomponentes.com/w-530-530/articles/1094/10949045/1833-homcom-lampara-de-pie-moderna-150-cm-con-pantalla-de-tela-luz-nocturna-blanco.jpg"
        }
    ]
}